lh_bankssts,lh_caudalanteriorcingulate,lh_caudalmiddlefrontal,lh_cuneus,lh_entorhinal,lh_fusiform,lh_inferiorparietal,lh_inferiortemporal,lh_isthmuscingulate,lh_lateraloccipital,lh_lateralorbitofrontal,lh_lingual,lh_medialorbitofrontal,lh_middletemporal,lh_parahippocampal,lh_paracentral,lh_parsopercularis,lh_parsorbitalis,lh_parstriangularis,lh_pericalcarine,lh_postcentral,lh_posteriorcingulate,lh_precentral,lh_precuneus,lh_rostralanteriorcingulate,lh_rostralmiddlefrontal,lh_superiorfrontal,lh_superiorparietal,lh_superiortemporal,lh_supramarginal,lh_frontalpole,lh_temporalpole,lh_transversetemporal,lh_insula,rh_bankssts,rh_caudalanteriorcingulate,rh_caudalmiddlefrontal,rh_cuneus,rh_entorhinal,rh_fusiform,rh_inferiorparietal,rh_inferiortemporal,rh_isthmuscingulate,rh_lateraloccipital,rh_lateralorbitofrontal,rh_lingual,rh_medialorbitofrontal,rh_middletemporal,rh_parahippocampal,rh_paracentral,rh_parsopercularis,rh_parsorbitalis,rh_parstriangularis,rh_pericalcarine,rh_postcentral,rh_posteriorcingulate,rh_precentral,rh_precuneus,rh_rostralanteriorcingulate,rh_rostralmiddlefrontal,rh_superiorfrontal,rh_superiorparietal,rh_superiortemporal,rh_supramarginal,rh_frontalpole,rh_temporalpole,rh_transversetemporal,rh_insula
0.0,0.14213134801513633,0.18891386459219364,0.11634727036154915,0.10976518462304864,0.22071215110635845,0.21426219285574388,0.2055376251888974,0.14355745932945235,0.15995699894434529,0.19812779971418262,0.1460575618400544,0.1670289498913065,0.19514327861008487,0.14940376800009933,0.15200859102125097,0.19514509487221493,0.10908788309049222,0.1450541574091801,0.1074699292772384,0.14380523986346336,0.14666486908861517,0.19179300771029864,0.2158158719726638,0.14802052840958588,0.2034331335034593,0.20207866280682257,0.15123163029826078,0.20715218969309437,0.1998758599481449,0.06683259668026692,0.07679854180405382,0.15901671370735723,0.12916478213317695,0.19260766201469193,0.13789473190696805,0.16544477319776998,0.10670664687345849,0.10063591895912019,0.23968397714425765,0.2028420188554068,0.19323408979526466,0.11756165011405612,0.18026769424466713,0.20923975776658593,0.15098722542921914,0.17141644251218,0.18605233928717044,0.16799288622438988,0.15892551240159875,0.1739900487965328,0.12762815195722443,0.15416643018251097,0.10159035038866404,0.12936610341067623,0.1470887973346139,0.19601930138805237,0.1963851138768126,0.16478445766005823,0.20410679946964255,0.20689928531911841,0.13029644172641797,0.18772384094247632,0.20212075046716022,0.07009894609255274,0.07116219522425116,0.13691023890364382,0.13324851696596748
0.14213134801513633,0.0,0.1452949708845262,0.1182652772026062,0.08183387416771154,0.15293906611915348,0.1433248395377751,0.13757739471685945,0.17347320128971852,0.14467178489375368,0.16156295491981928,0.13937062116968255,0.14432073067074172,0.1283409722516072,0.10786564174309904,0.11532112560748232,0.13909716400609362,0.10623122337849727,0.11100313360937548,0.11317089855564584,0.13851740258688008,0.17862106454702448,0.13392073160777226,0.15727250234052303,0.18625928553373672,0.1666193541022127,0.17900211722367856,0.13127660119034562,0.13577490283421703,0.15866452059941485,0.06605465644875674,0.07661959916031756,0.1339268928024206,0.11956477975045647,0.13286322389685026,0.24104068617433375,0.11874431300016566,0.10998043217266151,0.08618038357419334,0.14869875509801678,0.1525045734564958,0.14661309351680094,0.17416751856258272,0.1516310394992663,0.15524918119563552,0.13806290877673097,0.14788009367008023,0.13089369740812237,0.1257636018484536,0.13582573224079286,0.1253455407767471,0.10971659052461408,0.11046283309101745,0.11265242925910542,0.13228428904772993,0.20552165329463346,0.13972604155778293,0.14161894678296386,0.11384731854569284,0.1708203097329294,0.18201421587119818,0.12120814081917075,0.12184540321138838,0.14670604840426302,0.07413738792957554,0.06874769094899841,0.10362617023656596,0.12943617493117515
0.18891386459219364,0.1452949708845262,0.0,0.16376153849785244,0.0976607127859728,0.23395652787063295,0.33423295360819877,0.23147508498295313,0.15674942538428985,0.24482257791486334,0.21240237839205783,0.20276735270888985,0.16976886669835373,0.21854654466613407,0.15219609965820818,0.22641060046914274,0.24172221637698277,0.14969357855938611,0.20186030577436787,0.13553417476116364,0.2621657345039836,0.17173041662638663,0.33768511707830084,0.3200447377582903,0.1376515054586937,0.32014077348036735,0.2874326186220678,0.3363098371260703,0.23879601550941346,0.3440129102173253,0.08972819425874806,0.08830586515386521,0.16410054328315649,0.1455331166287229,0.20091299550062466,0.12421430876111006,0.2892543119209843,0.15964379878075513,0.10035341074785975,0.19946803294037876,0.3664375727102486,0.21475689245402427,0.14034307891567227,0.2583708332520784,0.22243299714488618,0.22421437558033855,0.166193046191983,0.2232290784794812,0.17641361098978095,0.27246474747950106,0.2435690852212271,0.15723363935125517,0.21002155153028215,0.12657537820041054,0.23042844500564214,0.15119290659502838,0.30332698044283307,0.33685639901273884,0.11803043947758914,0.31192165895123686,0.27232064304557513,0.28599485271329184,0.1995337329850445,0.3133689641575321,0.10950036707723322,0.07683751442604334,0.12716621163853697,0.14513208160041852
0.11634727036154915,0.1182652772026062,0.16376153849785244,0.0,0.09510881846555116,0.13579930155876974,0.16901292185754865,0.1393735322008142,0.16089283150328643,0.30302972881954515,0.13342249140468448,0.2691621918283571,0.14999295394581438,0.12747135086718162,0.14106476548823924,0.18575609614476188,0.1344309454950444,0.10665854164268444,0.13683427007710805,0.14495980758959193,0.23498049816238756,0.12003837037008197,0.19625071700200722,0.16553796500235032,0.11279741239783184,0.17464149777469665,0.1736689758605957,0.1986910418970267,0.13117322086278763,0.18206251808775012,0.08762656510597495,0.09095314311662818,0.11961695629858267,0.09946211072991107,0.11077407341404152,0.11792888531767183,0.14995627425636815,0.3149964933692477,0.1156696249110707,0.13289868232198865,0.1779385287104411,0.17427783496050603,0.16219320339451804,0.2723804609649645,0.14919915130726824,0.27284523364676116,0.14169536924917311,0.1452271001595505,0.14866565996002107,0.1742856638475021,0.13470189869304772,0.11504834425991618,0.12930954523211424,0.15898100033282261,0.22137997618304198,0.11651781622084346,0.17696440111834538,0.17362239932172863,0.09275391439014015,0.16183493071274316,0.16174413198280393,0.199245051250879,0.12189661146110209,0.15383182965324518,0.12395264535255789,0.07104705940698616,0.09952160864287173,0.10549896030366203
0.10976518462304864,0.08183387416771154,0.0976607127859728,0.09510881846555116,0.0,0.12396248523565007,0.12195597311414257,0.1581057476925966,0.10535182893902696,0.1140706685812988,0.14293970100604217,0.09233934515970392,0.15128611680544496,0.16297056209913038,0.1223940511682567,0.1024841376550248,0.1309521363390194,0.14840674850588567,0.13333553038698087,0.058950712121378646,0.10631950934783396,0.09286121331972129,0.11291519658955887,0.11265447605556342,0.08740571691255189,0.12059770340722537,0.1298308967633274,0.1007298991425709,0.14771685445672683,0.12327656494297808,0.12474797127597144,0.138018446399554,0.08769733515814121,0.08301496349390376,0.0933104802647654,0.08029973181342942,0.11138177625245614,0.08017407858007361,0.1963395936250468,0.11987345461586389,0.12141423716494443,0.14276584239909967,0.09641887942624917,0.11787588593069064,0.13796137126113747,0.09946302561556204,0.14344655549568705,0.177337867809749,0.12654272787434317,0.09573263088524823,0.12015099103517206,0.14686959399187066,0.1263286451947056,0.05693374720326646,0.1058165533780288,0.08469687588685507,0.11555247934509832,0.11348754076417814,0.0817026370609873,0.13734941280908755,0.14038919832920244,0.09168304292594906,0.1494083880292397,0.12643347656093454,0.10610407755527416,0.14567177496425496,0.08713823670346516,0.084784256074569
0.22071215110635845,0.15293906611915348,0.23395652787063295,0.13579930155876974,0.12396248523565007,0.0,0.29623735760657804,0.32681912250235007,0.16092918280307464,0.1961593034020649,0.3011805960482198,0.19144300930075472,0.20581660137334631,0.258666141882665,0.1659640037365506,0.1695243409092995,0.26557040676422217,0.15495108731420215,0.19070510853105563,0.09671378226158849,0.16594937218830313,0.18223638850744628,0.2302144621312862,0.2846736745411335,0.17309283427002545,0.29261608671925904,0.25911148987428434,0.1754235950316697,0.2816428997726342,0.3015384753451433,0.08520778307297518,0.10754348108864709,0.18782423182086505,0.18350871239045136,0.2557385375825423,0.14892110614202056,0.21845440434661106,0.12280097304662362,0.1229897286697752,0.32031195841363536,0.2986627265651522,0.2950018800181128,0.1591722386671833,0.22690830760394753,0.30189707014567446,0.1869843510379022,0.25651833100715804,0.2693819382277874,0.20257564965859168,0.18533687744109012,0.2650130129868005,0.17091154655582474,0.19261682933390292,0.09549234723062446,0.16057328503438853,0.1831553947357538,0.2337491803362852,0.2524547796351628,0.16417281156695945,0.32437102253430106,0.26443807811559256,0.1550175733883601,0.2640201543420986,0.27982699820251444,0.08814635817763744,0.09828099563704647,0.1737963821525692,0.1825005877771498
0.21426219285574388,0.1433248395377751,0.33423295360819877,0.16901292185754865,0.12195597311414257,0.29623735760657804,0.0,0.2898398173764294,0.16404515840721764,0.26478487963419745,0.2419439201679819,0.21987218258987803,0.2008705199306905,0.2585892555915044,0.17938160620990945,0.23003909991594307,0.25326006019080616,0.165530588560965,0.23782649067288536,0.12297154716389658,0.24781836060439522,0.1623488341685111,0.34277274302599153,0.30952299985201603,0.15470340835461108,0.3869069463262176,0.3226789051183321,0.30522256122410746,0.27256620881219884,0.37279783920606413,0.09687168287023806,0.10811257751494438,0.18524213190595215,0.13708207044428974,0.22496787756360753,0.13000964083753808,0.28645095028036366,0.16650459024791245,0.12945303680197748,0.24251261483819125,0.44476915987238747,0.27157771281178544,0.14708700731345656,0.2838301670453373,0.2517031866304524,0.24442843524413307,0.21483889774402137,0.2808913149967824,0.22694979079442934,0.26122842795277307,0.2549775738785744,0.1926096485620247,0.20556779531912928,0.1168783106181863,0.21489682021130704,0.15978003611183267,0.33397430610213774,0.34319025468570885,0.14116039803420172,0.38935003766421006,0.323264104116782,0.2698548797777601,0.22375540448451253,0.37762933126746195,0.11235761039875398,0.09359536745467961,0.1397866113762352,0.13822610485153206
0.2055376251888974,0.13757739471685945,0.23147508498295313,0.1393735322008142,0.1581057476925966,0.32681912250235007,0.2898398173764294,0.0,0.16417129954010137,0.22367989861281778,0.2959638512277137,0.16737442257531976,0.25896531349138685,0.33900712314830533,0.16324976941136904,0.1724814754201527,0.2577972011524462,0.19412113535032313,0.22954210097629824,0.09546477710619404,0.1765215253218109,0.15615157142788091,0.2457753937787057,0.2586572071167551,0.16787384509869238,0.30844384543209263,0.2747394525115071,0.1775038041434689,0.31242746729296694,0.30371320713967925,0.10418405727632608,0.1387618382606887,0.14939721725671729,0.13754730191330924,0.19770421747499065,0.12855117725973506,0.21553156680512964,0.128360164579799,0.16316963485652394,0.2803696901537783,0.32059201972872975,0.35477489078707214,0.15331605963265213,0.2604416618158433,0.3003186445621404,0.19481865078568678,0.288371611867432,0.37442555133203187,0.1969434694878339,0.1790273679501787,0.25524271772025503,0.23864448277545167,0.21780587267992368,0.09303691801401204,0.17713619502126932,0.15732167572271388,0.2516541204082919,0.2444447593648396,0.1448306813210462,0.35555407018647484,0.28226828541898974,0.16188571045786124,0.2805296719176976,0.3056350460792611,0.10999257597899709,0.1191073023748954,0.14140623668499752,0.1450666031202115
0.14355745932945235,0.17347320128971852,0.15674942538428985,0.16089283150328643,0.10535182893902696,0.16092918280307464,0.16404515840721764,0.16417129954010137,0.0,0.22021611223579451,0.18431425065210502,0.1804183592765218,0.19777439747337122,0.15548534279403825,0.13584271484977983,0.13733555852047527,0.14712007105701913,0.12982098084453003,0.13261997153627694,0.13413603641046778,0.18919569781080411,0.18052528064543102,0.16791833293281924,0.1833162502078365,0.1573205294010829,0.18750288770049345,0.19567406291999354,0.1543700781905582,0.14756445599507736,0.17814782613133998,0.0857891403885438,0.10341550857783283,0.12896813370095897,0.11033062900701177,0.12129302538151684,0.17467794598624742,0.12965055414502782,0.15262664858138292,0.11595404014505521,0.15305831837365436,0.18608368791500732,0.18911228268419827,0.24682704705742625,0.22039652415328467,0.18212134032237617,0.18460889982150566,0.18684191176237028,0.16671856126766457,0.1484355849472935,0.15417667985285852,0.1434493312037825,0.12930220464507808,0.12679440035478315,0.1356558126335664,0.17958431409444214,0.19316363276263013,0.17106269182171063,0.16546810179295243,0.11935951666238742,0.1877793836209079,0.1907443973214192,0.1626300281749599,0.14424183290584422,0.1623063992328767,0.09777619294421798,0.08816740513169051,0.11061056651690551,0.12662874633711335
0.15995699894434529,0.14467178489375368,0.24482257791486334,0.30302972881954515,0.1140706685812988,0.1961593034020649,0.26478487963419745,0.22367989861281778,0.22021611223579451,0.0,0.19888805478336527,0.3055706127709528,0.21136234942941634,0.19623534820461033,0.16321701912786898,0.2101009664792988,0.17662486962749518,0.1438258972892603,0.18197679793766228,0.16414249198587424,0.298235504644046,0.16114574073558738,0.2996953243154241,0.24649546354898938,0.14622797456695746,0.30048065290645887,0.27273115632389067,0.25733775265871156,0.18150001288437298,0.2888703909363405,0.09817192765267017,0.10765391954597396,0.14062245673818324,0.10479758570803346,0.14222178009157194,0.13839994946173662,0.19019211371826103,0.2897845498351718,0.12917822754364047,0.18564648414923407,0.3075912761669327,0.2556320380151978,0.2113090322915966,0.439275206901486,0.22087612068401247,0.35407745484929126,0.2020119949919469,0.21816419948321383,0.17968769385838557,0.24712941576298245,0.18353697355913803,0.1625924337838162,0.15786496210625764,0.1725667426214244,0.2760598548789456,0.15871212862909048,0.26918642970043183,0.2507581553886254,0.11717311786202102,0.2672533135240703,0.23953097123378309,0.2888368540601593,0.16361668695096793,0.24906363683890695,0.13564122712809804,0.08304935775170674,0.11014992140613529,0.11941868947895212
0.19812779971418262,0.16156295491981928,0.21240237839205783,0.13342249140468448,0.14293970100604217,0.3011805960482198,0.2419439201679819,0.2959638512277137,0.18431425065210502,0.19888805478336527,0.0,0.17606099884247692,0.24121744468392992,0.2619689338856891,0.138867496833996,0.15320346753765055,0.26403532983039185,0.18845968647076278,0.22494051033996326,0.09661913357577928,0.16641333741738498,0.1720845600688773,0.20607509109827618,0.2468088718440572,0.17219876448612692,0.26023614799427797,0.26758729767775546,0.16586516375340007,0.2649580849396759,0.2528211335701516,0.10246159714502832,0.1183051733692589,0.15752212051868156,0.16126811273926203,0.20492587937759968,0.16533310752474678,0.21417939441521527,0.1260287197776651,0.13382004077270593,0.2526460964825847,0.26768991236392564,0.2821474748682965,0.17538758334854346,0.23217053034250562,0.3202251885107204,0.17713169039306204,0.27504277062162874,0.28925147224046843,0.16311609427944038,0.1735314198337525,0.2405998610385533,0.1923557916847031,0.22648212882479923,0.0972321864216265,0.16311922058854647,0.185994385213891,0.2202845073877075,0.21141069528207296,0.1524286048605763,0.3053509993766376,0.2997702478387444,0.1449615447018019,0.26232632384889853,0.26521843676446777,0.10970118214278683,0.10793729966468195,0.1567940896206417,0.16948162234168418
0.1460575618400544,0.13937062116968255,0.20276735270888985,0.2691621918283571,0.09233934515970392,0.19144300930075472,0.21987218258987803,0.16737442257531976,0.1804183592765218,0.3055706127709528,0.17606099884247692,0.0,0.15583713854869138,0.13548478123714547,0.15075509106059407,0.18650917142856283,0.15169831739115677,0.10142457313961042,0.1433285575738035,0.1619032207771078,0.23349199976874763,0.15370194550583427,0.21248595625275685,0.22205580421725685,0.14622733142980743,0.22787108984300278,0.20751558902605344,0.20361467219590804,0.14968793838047456,0.2294908418504361,0.07673178227227118,0.08223655057151645,0.1560999761037602,0.12875615703475207,0.15038771153622119,0.13976229764864584,0.16163515522665337,0.2650474875102162,0.11589503117946733,0.2020240004834294,0.22648417081205788,0.20873019264374412,0.1945705132289734,0.29834688789630104,0.19361665128389835,0.3158937428707045,0.1553871112644972,0.1544606660883513,0.16496589395183098,0.21042851121109063,0.1617604239842028,0.11085821958175644,0.1292242296927627,0.17952073614284145,0.22094549967179555,0.15555764125670413,0.19700792389779376,0.22693410113059798,0.11741445069124963,0.21010109220150922,0.18256524106771013,0.21355078605376074,0.13699117010137155,0.1931144463976867,0.0984218190020534,0.06711442755610701,0.1258931304106615,0.13995675440115213
0.1670289498913065,0.14432073067074172,0.16976886669835373,0.14999295394581438,0.15128611680544496,0.20581660137334631,0.2008705199306905,0.25896531349138685,0.19777439747337122,0.21136234942941634,0.24121744468392992,0.15583713854869138,0.0,0.23062286495162274,0.14796133980880527,0.15779373481439005,0.19325287775561514,0.1772405287628124,0.1768134334946292,0.10832460851141948,0.1844658370777798,0.17028753815518724,0.19728891938921125,0.20436170846557114,0.16698527303903907,0.23076858145919338,0.23745230483001242,0.16205886526270244,0.21035997345671556,0.2191032050930948,0.10951254564606137,0.12359267289574619,0.13887124563658879,0.11731342737960902,0.14166941956865176,0.13891278109731772,0.16425843247714497,0.13931028037550308,0.15293848048771513,0.1849083231406452,0.23603187584727808,0.2397207690567026,0.18362055770953917,0.22724245308410507,0.24885108235055525,0.18765306548980087,0.2818107316671773,0.25042197835778685,0.16787500180027354,0.1629671331773514,0.1877852118365284,0.20147362281810405,0.19218272088755273,0.10503651239740447,0.17432502286563326,0.17447369923220485,0.2028435834553415,0.19589566738036004,0.13431899317598883,0.2651632405021593,0.23855883625318308,0.16108197030149501,0.20464635366070755,0.21005873471537934,0.12109097836454219,0.11137261695490978,0.12508252737221037,0.13056546308464984
0.19514327861008487,0.1283409722516072,0.21854654466613407,0.12747135086718162,0.16297056209913038,0.258666141882665,0.2585892555915044,0.33900712314830533,0.15548534279403825,0.19623534820461033,0.2619689338856891,0.13548478123714547,0.23062286495162274,0.0,0.13662373528485713,0.16235045585509517,0.266036095307749,0.2419491666279063,0.24086919096983067,0.08640103952333163,0.16697276603268077,0.13984282126146283,0.23533477653898124,0.236934480522094,0.14814777196326107,0.27500322701590335,0.3051118362114541,0.18036196879212912,0.326712179913945,0.2807763712579318,0.12678910724542505,0.1605844914135647,0.1275137442417071,0.11791870163544496,0.17439064538377352,0.12043142696368786,0.22097911844464815,0.11468348700709566,0.1466047630228517,0.19738112559933774,0.2840659192568894,0.2845513586270018,0.14033734989663954,0.24045639324853896,0.24379579489698236,0.16259762698445202,0.25830496108592943,0.38062163491384104,0.17379638036620285,0.1697928351818647,0.2577466539738895,0.29670453607312125,0.25524910207497026,0.08252986806172843,0.16651129489287242,0.13670914812202586,0.26452857114236517,0.21533325601247574,0.1262717073029034,0.3124611309981997,0.3153502225518751,0.15742406617424465,0.29167572574412004,0.2844546876619509,0.12064687527821676,0.1435406274985094,0.11696277337997876,0.12121000671711019
0.14940376800009933,0.10786564174309904,0.15219609965820818,0.14106476548823924,0.1223940511682567,0.1659640037365506,0.17938160620990945,0.16324976941136904,0.13584271484977983,0.16321701912786898,0.138867496833996,0.15075509106059407,0.14796133980880527,0.13662373528485713,0.0,0.15717972590664792,0.15106401521245652,0.09815638625109904,0.1288790678434229,0.10743539074475118,0.15927639594341764,0.1456011868340529,0.1757555455867104,0.17075242387972775,0.10864974690624325,0.16704369631842028,0.14949945009945936,0.1671375831762872,0.16464364124138453,0.16516659853552512,0.07103760389351879,0.07573203104238674,0.14790362020383968,0.12632014347646212,0.1477356047262848,0.0995749848436213,0.1561976085142316,0.12719400950541798,0.11905499140141484,0.17517662922539454,0.1747790052521163,0.16844486405566722,0.124669495285067,0.15518702219423255,0.1556163842477009,0.17104255117935066,0.1355455417467011,0.15625651516779154,0.2846222084567398,0.1394871787459785,0.13715551535050935,0.10468064423504371,0.12356326127340692,0.09880110011418392,0.14951016045845691,0.11536976400454961,0.17213927662947295,0.17729285830249464,0.09972009630638003,0.16711823828269182,0.14369897393514958,0.1482203471133027,0.1503725142830011,0.16701443086445936,0.07766902853721082,0.07167160980292593,0.12424829185806624,0.1272848042245626
0.15200859102125097,0.11532112560748232,0.22641060046914274,0.18575609614476188,0.1024841376550248,0.1695243409092995,0.23003909991594307,0.1724814754201527,0.13733555852047527,0.2101009664792988,0.15320346753765055,0.18650917142856283,0.15779373481439005,0.16235045585509517,0.15717972590664792,0.0,0.17061552986864353,0.12287333068054763,0.17347943330838073,0.1300595913963935,0.2564012310374645,0.1442372373971639,0.2598088054723881,0.22956228860640385,0.12396244012832018,0.20363823808134532,0.20962715792463898,0.2746143567262867,0.18090603882209677,0.22213682108884913,0.09487625135853221,0.0846104196385116,0.14538116330809803,0.12471400769177936,0.14847554837921184,0.11110391211340645,0.20438046624173553,0.1795063847111727,0.1140579737657449,0.15719084453250062,0.21729318618809224,0.17476542916259835,0.12718482506897025,0.2043700861153569,0.17019895860314532,0.2200777867233491,0.14948523393116056,0.16381136895841225,0.1674411972048362,0.2299010501450464,0.16880911495096326,0.13407988218279895,0.1658615988520332,0.12181866941172645,0.229182734143027,0.1287043537688996,0.2348620653108606,0.25576178654938,0.10729603617657883,0.2010587911422886,0.19867633007596952,0.24251757058336407,0.1530623079831319,0.20664565728238163,0.11638017455922584,0.07445321966357697,0.11751715280136917,0.12006793455207011
0.19514509487221493,0.13909716400609362,0.24172221637698277,0.1344309454950444,0.1309521363390194,0.26557040676422217,0.25326006019080616,0.2577972011524462,0.14712007105701913,0.17662486962749518,0.26403532983039185,0.15169831739115677,0.19325287775561514,0.266036095307749,0.15106401521245652,0.17061552986864353,0.0,0.16172988102832292,0.21560595956300754,0.09013425549723275,0.16446917248004506,0.14066841691751972,0.23925330163333994,0.2388806008302362,0.15351251304198363,0.2423593001526339,0.2469752306622912,0.18973862626378898,0.27789432143399456,0.26759313918808497,0.09738527902389083,0.10422539492248577,0.15428467001084187,0.15644431028828656,0.2258461682274286,0.13179138672244026,0.27868741953580606,0.12058867924100805,0.12630980174668538,0.2025058641459907,0.2682747470582265,0.2427140385387697,0.13148778567190417,0.19842912455869102,0.23721677968639882,0.15490626547862393,0.1994145304769841,0.27454059567065964,0.18149640652466395,0.17579388557109749,0.2589916643213761,0.1767117514842325,0.24144746803425554,0.08583917522861687,0.15254696317203603,0.14215087478156735,0.2380436406433778,0.22998912645829045,0.14080166375969955,0.28497272918774064,0.2814228026290965,0.1435949750460844,0.25540741201006956,0.2743188688910676,0.10259262337501683,0.09631676481863512,0.13815046142147486,0.15165543368548354
0.10908788309049222,0.10623122337849727,0.14969357855938611,0.10665854164268444,0.14840674850588567,0.15495108731420215,0.165530588560965,0.19412113535032313,0.12982098084453003,0.1438258972892603,0.18845968647076278,0.10142457313961042,0.1772405287628124,0.2419491666279063,0.09815638625109904,0.12287333068054763,0.16172988102832292,0.0,0.1884447587485536,0.06656580656198152,0.1300500280618883,0.10347488285164404,0.15740893139503512,0.14818839790709784,0.10977229380979288,0.17655305597955473,0.20517736255430666,0.13754685884120588,0.19862730978736465,0.17861936030618178,0.1599039379942067,0.16802133227279029,0.09195526760914167,0.08562179553159167,0.10718177111962926,0.09744286916960884,0.1550166219796285,0.09817480777864553,0.13342402476830076,0.11581786240087572,0.17471118758612023,0.1733661049929245,0.11534123124981634,0.16551774526664198,0.16108989231617163,0.11741516598108277,0.19867298708261777,0.23028715482850629,0.11563355975104687,0.12646057682178177,0.17992523219873213,0.2568940176030522,0.18761049427503215,0.06572463213440809,0.1281739180425878,0.1038934714183097,0.16379158572312064,0.13741201844598774,0.0890580382260125,0.20075951331936726,0.22459702475272583,0.12608984418008798,0.1932060164214148,0.16648696886035078,0.16086557992943903,0.15443684820271414,0.08614453244480907,0.0877980002609173
0.1450541574091801,0.11100313360937548,0.20186030577436787,0.13683427007710805,0.13333553038698087,0.19070510853105563,0.23782649067288536,0.22954210097629824,0.13261997153627694,0.18197679793766228,0.22494051033996326,0.1433285575738035,0.1768134334946292,0.24086919096983067,0.1288790678434229,0.17347943330838073,0.21560595956300754,0.1884447587485536,0.0,0.08485097691263654,0.15891657262296313,0.12329685852781339,0.2212480713801686,0.20623332005614597,0.1245999393549992,0.21608519054682127,0.2480776486200283,0.20141044035057032,0.22923559114109998,0.2503279773327221,0.12265508914091487,0.13349326085056076,0.12212325656335793,0.11706791164966475,0.15533472825775355,0.10548448929055018,0.24090742619076108,0.1275960426885107,0.12744210311932117,0.16540594885373494,0.2327427308439018,0.2048767355741722,0.12689181269696911,0.19441088096514134,0.208417040400689,0.1609571770847725,0.19664304260921484,0.2482150337667728,0.15678498284000075,0.17421676251904228,0.21880196653631073,0.2107097940090724,0.21891781290265852,0.0812876301262377,0.15911132302294112,0.11156421236336031,0.23031060597978975,0.2099941305902377,0.11141421076991796,0.2444394674894605,0.2516651709983707,0.16281684576698993,0.21248460899342242,0.2521960410293646,0.14149229678538497,0.11243162299974029,0.11204479812749414,0.11824810531470327
0.1074699292772384,0.11317089855564584,0.13553417476116364,0.14495980758959193,0.058950712121378646,0.09671378226158849,0.12297154716389658,0.09546477710619404,0.13413603641046778,0.16414249198587424,0.09661913357577928,0.1619032207771078,0.10832460851141948,0.08640103952333163,0.10743539074475118,0.1300595913963935,0.09013425549723275,0.06656580656198152,0.08485097691263654,0.0,0.17821191702704917,0.14395473980627194,0.13532582171897034,0.13848305716076037,0.09963053195786757,0.13266373494948033,0.12757255145892216,0.157062966818644,0.0906459931156511,0.132130784741075,0.0522521623915526,0.05668645103256371,0.11266399917303707,0.0930144507428703,0.09443715604673737,0.10755084102673351,0.09568435032159853,0.1575893930777615,0.06785524108014616,0.10266582940214122,0.13580952816866265,0.10694843916029792,0.1401850727925214,0.15290930170927566,0.10093228608559694,0.1934886652048862,0.09176250789768763,0.0866746187036446,0.10964025814513068,0.13355558499502898,0.08615603595962308,0.07419587238534765,0.0851446292953816,0.34429753847031214,0.18415184586874334,0.14078832637196484,0.1313712790722921,0.15119864295769073,0.08614500119275965,0.11711735758748189,0.11456258523482092,0.18684514646585362,0.08170239367098717,0.1216122811110277,0.06573897630772894,0.04856011667452507,0.08278303874442154,0.10726236480207321
0.14380523986346336,0.13851740258688008,0.2621657345039836,0.23498049816238756,0.10631950934783396,0.16594937218830313,0.24781836060439522,0.1765215253218109,0.18919569781080411,0.298235504644046,0.16641333741738498,0.23349199976874763,0.1844658370777798,0.16697276603268077,0.15927639594341764,0.2564012310374645,0.16446917248004506,0.1300500280618883,0.15891657262296313,0.17821191702704917,0.0,0.17186024805900746,0.28166059790074,0.24730035446718376,0.12775385008305712,0.23309405487540383,0.2404231459274142,0.3170824954035713,0.17283563505064858,0.245502473458911,0.10080649886442243,0.0985995686244632,0.1469038174488083,0.11692733185478679,0.13505830636996097,0.12674450649741872,0.1867249943462742,0.22680367455918887,0.11761282809639326,0.15576385011529276,0.2514276908415397,0.18188164767268647,0.17627005579532015,0.2780303811487615,0.17414460931130507,0.2959648160181495,0.16630121705309786,0.17048941404078385,0.1732589443586994,0.2587019798253373,0.16536503437585529,0.14108951450743562,0.15556556285859488,0.17776292753511463,0.36420154686053097,0.15802230216526877,0.2565832595833463,0.2770195281110061,0.1005510720125958,0.21619542043791817,0.21350658347328527,0.35478402005881504,0.15093219338508262,0.2216975763396918,0.12781633755619062,0.08079764646221246,0.10981544134581346,0.12454502823767327
0.14666486908861517,0.17862106454702448,0.17173041662638663,0.12003837037008197,0.09286121331972129,0.18223638850744628,0.1623488341685111,0.15615157142788091,0.18052528064543102,0.16114574073558738,0.1720845600688773,0.15370194550583427,0.17028753815518724,0.13984282126146283,0.1456011868340529,0.1442372373971639,0.14066841691751972,0.10347488285164404,0.12329685852781339,0.14395473980627194,0.17186024805900746,0.0,0.15784232522788114,0.19076840611468907,0.13274782531799698,0.1864050584088302,0.19518563735081224,0.15808921198325343,0.1516594077639013,0.17861118835227577,0.07040829939717883,0.07904657245644751,0.17036303694094398,0.15696932195631827,0.1462792227997,0.1593079036931343,0.13021192763236222,0.11273526126120857,0.09342185281305791,0.1711768026767676,0.18254741467633764,0.1630192144881266,0.18885722747254916,0.17390567124717485,0.17207113692316994,0.17282797594839536,0.15440639514183804,0.140001339796401,0.1609237356410888,0.14379615028449447,0.13781983876204645,0.11200258903454295,0.127973414164588,0.1315995141542202,0.16689866729875227,0.24182088484015019,0.16245066685648618,0.19239671660799024,0.11277314689864369,0.1853594156931321,0.17091303362781343,0.15963776553342152,0.1405524438729804,0.1713879137542419,0.07478173845159845,0.07274073871846527,0.12912180978389665,0.1604249529387826
0.19179300771029864,0.13392073160777226,0.33768511707830084,0.19625071700200722,0.11291519658955887,0.2302144621312862,0.34277274302599153,0.2457753937787057,0.16791833293281924,0.2996953243154241,0.20607509109827618,0.21248595625275685,0.19728891938921125,0.23533477653898124,0.1757555455867104,0.2598088054723881,0.23925330163333994,0.15740893139503512,0.2212480713801686,0.13532582171897034,0.28166059790074,0.15784232522788114,0.0,0.31723046705085733,0.1379996834379692,0.30724637258540927,0.3145313118772699,0.35961152351579107,0.24639350453262374,0.3545462978103315,0.10289632642476945,0.09683662948670585,0.15559178990075737,0.13281870549927477,0.19249426754479715,0.12551643674441493,0.2990968264570316,0.192866775729369,0.11784050117613847,0.20284822141458717,0.3424422108513641,0.2423933271003749,0.14860985958154257,0.30514494902002637,0.22953188405177732,0.2547917865659766,0.19261178663835704,0.24489265648693492,0.19507710895347638,0.28017925912926217,0.24382471824254265,0.175073653704325,0.21978824766219007,0.12877233753450457,0.24051244743436903,0.1480997406408109,0.3971738283527882,0.33319810280289924,0.13172755585990695,0.2958488707679339,0.2959656705244238,0.2879025464152985,0.20214070986978416,0.31954418826427156,0.12163906559638249,0.08362661121689068,0.12590039755962143,0.13346539142865688
0.2158158719726638,0.15727250234052303,0.3200447377582903,0.16553796500235032,0.11265447605556342,0.2846736745411335,0.30952299985201603,0.2586572071167551,0.1833162502078365,0.24649546354898938,0.2468088718440572,0.22205580421725685,0.20436170846557114,0.236934480522094,0.17075242387972775,0.22956228860640385,0.2388806008302362,0.14818839790709784,0.20623332005614597,0.13848305716076037,0.24730035446718376,0.19076840611468907,0.31723046705085733,0.0,0.15552962208767876,0.3076385095722145,0.2975775584134123,0.28418231806682653,0.2747846653871407,0.33910131410100997,0.09572971016774084,0.09670466784531088,0.18357658467079102,0.16463330964468292,0.2080022815507196,0.14226105170683356,0.25237539044129087,0.15738728936521568,0.11058501531662351,0.24822900129998765,0.3411580530986361,0.23451983608785804,0.16407711088261234,0.26893579623428504,0.25719342961648733,0.2414338346249159,0.2036736782098556,0.2362388913901204,0.2032712070558177,0.2671607604721341,0.2358085610180153,0.1662921125353289,0.2146983156529851,0.1337535428284001,0.22143011323278033,0.1804925556789235,0.29811619321246097,0.34645105086697847,0.13939451574706963,0.3138861095002517,0.28948566109930496,0.23620004690948515,0.22901524991750077,0.30967873188267236,0.10938872485437579,0.08738844552270737,0.14890525247223657,0.16598955084434489
0.14802052840958588,0.18625928553373672,0.1376515054586937,0.11279741239783184,0.08740571691255189,0.17309283427002545,0.15470340835461108,0.16787384509869238,0.1573205294010829,0.14622797456695746,0.17219876448612692,0.14622733142980743,0.16698527303903907,0.14814777196326107,0.10864974690624325,0.12396244012832018,0.15351251304198363,0.10977229380979288,0.1245999393549992,0.09963053195786757,0.12775385008305712,0.13274782531799698,0.1379996834379692,0.15552962208767876,0.0,0.17818432862271866,0.16918205539234285,0.11951462711697981,0.14674600732451,0.16489602974991827,0.06636755734750421,0.08179013093389263,0.12477894738982116,0.1185687380874807,0.14119284567332938,0.1680344348891952,0.12211101732705724,0.11217197374714331,0.09699065567870782,0.1656423940553907,0.15898423024050995,0.18220370965857996,0.16647396258015407,0.1564129635861758,0.17492669325064636,0.13799445003773833,0.17419587113715798,0.15049419821011906,0.1283277331590397,0.12935752504970374,0.1450281775775078,0.1269570486673099,0.12039378327191383,0.10171856461802091,0.12295069635421414,0.1632148891944338,0.13999250844858252,0.14667199163991287,0.14347055263871142,0.18118550898737276,0.17952485637871887,0.11220889525420019,0.13710447021566868,0.14997533125713344,0.07432336755775465,0.07221383533882773,0.11878222503299646,0.12753183456640566
0.2034331335034593,0.1666193541022127,0.32014077348036735,0.17464149777469665,0.12059770340722537,0.29261608671925904,0.3869069463262176,0.30844384543209263,0.18750288770049345,0.30048065290645887,0.26023614799427797,0.22787108984300278,0.23076858145919338,0.27500322701590335,0.16704369631842028,0.20363823808134532,0.2423593001526339,0.17655305597955473,0.21608519054682127,0.13266373494948033,0.23309405487540383,0.1864050584088302,0.30724637258540927,0.3076385095722145,0.17818432862271866,0.0,0.3661083839570944,0.27081770728562715,0.24119892065265544,0.4088172028312957,0.0930309966557684,0.10645037208772953,0.1752872746987702,0.13221026606665143,0.20287434035341662,0.14888425117989026,0.24469950140645788,0.16756306092362416,0.12669943085950422,0.2346876289349072,0.46127493853702084,0.3080263849835897,0.18198023504767138,0.34559676629485336,0.2766079367764285,0.24819506200106456,0.2434037793691822,0.2727792690562799,0.20407220403687318,0.24805733477337505,0.24991043563307644,0.2105840963073659,0.20264821665471094,0.12935732367264519,0.21584813329403826,0.1867520382114998,0.30103409669513037,0.29649333802956906,0.13794895722512224,0.4588996737437982,0.3363118534564981,0.25860807827101107,0.20572679479991932,0.3397059555179524,0.11180245189038435,0.0909696251730549,0.1324042736539562,0.1434616522243198
0.20207866280682257,0.17900211722367856,0.2874326186220678,0.1736689758605957,0.1298308967633274,0.25911148987428434,0.3226789051183321,0.2747394525115071,0.19567406291999354,0.27273115632389067,0.26758729767775546,0.20751558902605344,0.23745230483001242,0.3051118362114541,0.14949945009945936,0.20962715792463898,0.2469752306622912,0.20517736255430666,0.2480776486200283,0.12757255145892216,0.2404231459274142,0.19518563735081224,0.3145313118772699,0.2975775584134123,0.16918205539234285,0.3661083839570944,0.0,0.26638381199374167,0.254569414516753,0.3376689756313187,0.11127394438395197,0.12574949909211378,0.16436326579172492,0.12522557785205252,0.18781007227483182,0.15189367028810244,0.23898531655907965,0.1621144640802853,0.1331969736167227,0.2189573525013958,0.3437046187008507,0.28802517270682765,0.18635379998155632,0.3166503032938804,0.26583226929008996,0.2307791535152269,0.24987511918526603,0.2799781771676353,0.18865383033586305,0.26266045825311213,0.2587197386877829,0.2366077040795004,0.2149351131438243,0.1212777830029907,0.23144941272548994,0.18790906362321763,0.3180364887327845,0.27988435643680526,0.13678244793592795,0.36507964117117275,0.43127732455102613,0.24241733548923883,0.2370777842378348,0.32334318110682675,0.12702829494384302,0.11271164648804959,0.1289565208645642,0.13352455273981595
0.15123163029826078,0.13127660119034562,0.3363098371260703,0.1986910418970267,0.1007298991425709,0.1754235950316697,0.30522256122410746,0.1775038041434689,0.1543700781905582,0.25733775265871156,0.16586516375340007,0.20361467219590804,0.16205886526270244,0.18036196879212912,0.1671375831762872,0.2746143567262867,0.18973862626378898,0.13754685884120588,0.20141044035057032,0.157062966818644,0.3170824954035713,0.15808921198325343,0.35961152351579107,0.28418231806682653,0.11951462711697981,0.27081770728562715,0.26638381199374167,0.0,0.20038164093818206,0.3058187581291765,0.10430272096279249,0.09220512382694657,0.15603093135029103,0.1271148668177488,0.15666019858264923,0.1177108200633252,0.25574917290677623,0.19610276219183434,0.10403256107787236,0.16120316340787655,0.31193374780333866,0.18081316651901402,0.14155799119073084,0.2503264058048899,0.1735208712567452,0.2624373025942509,0.1529556669965617,0.18596390959190118,0.1857048597874454,0.28510288992735283,0.19351654412304697,0.15034513129519517,0.1814030752546444,0.14443223292204868,0.2840234245508503,0.13752680288981958,0.33153153217913883,0.3301784284854222,0.10336736237299687,0.25566745600140695,0.24454489732208806,0.39850078898571795,0.16093704808524564,0.28403705285600206,0.13101191143940957,0.07941692555788751,0.11101249693355753,0.12354564423261612
0.20715218969309437,0.13577490283421703,0.23879601550941346,0.13117322086278763,0.14771685445672683,0.2816428997726342,0.27256620881219884,0.31242746729296694,0.14756445599507736,0.18150001288437298,0.2649580849396759,0.14968793838047456,0.21035997345671556,0.326712179913945,0.16464364124138453,0.18090603882209677,0.27789432143399456,0.19862730978736465,0.22923559114109998,0.0906459931156511,0.17283563505064858,0.1516594077639013,0.24639350453262374,0.2747846653871407,0.14674600732451,0.24119892065265544,0.254569414516753,0.20038164093818206,0.0,0.2819825740957326,0.10758196989430124,0.13425215170719526,0.157430165454509,0.16399029820684022,0.21676515619376477,0.12125996509042906,0.2729149842554659,0.1203999978212863,0.13616932994083716,0.228951243893932,0.27703193073170745,0.25834443560362513,0.1268151890240211,0.20924309220309206,0.25428596583346846,0.16720590890969997,0.2229279794749933,0.33714867725474035,0.19760426251788962,0.17999259401236983,0.26785147685074223,0.20775138999466233,0.25641873011099564,0.0866811285160837,0.16290909505778617,0.14352002990759846,0.2743344511258686,0.25166605678833576,0.13504960735224075,0.3002189372736154,0.2745246928325752,0.1569928690560058,0.33572774826091367,0.2947865894622627,0.10987873855640472,0.11871992224072367,0.1391470712906323,0.15393702318381666
0.1998758599481449,0.15866452059941485,0.3440129102173253,0.18206251808775012,0.12327656494297808,0.3015384753451433,0.37279783920606413,0.30371320713967925,0.17814782613133998,0.2888703909363405,0.2528211335701516,0.2294908418504361,0.2191032050930948,0.2807763712579318,0.16516659853552512,0.22213682108884913,0.26759313918808497,0.17861936030618178,0.2503279773327221,0.132130784741075,0.245502473458911,0.17861118835227577,0.3545462978103315,0.33910131410100997,0.16489602974991827,0.4088172028312957,0.3376689756313187,0.3058187581291765,0.2819825740957326,0.0,0.09891126946147452,0.11277826305983919,0.1733752155747501,0.15117525351035643,0.2102720800509082,0.13933462960396092,0.2748348830668401,0.17405063519815125,0.12982715857120397,0.23354633092401272,0.43126000150414145,0.29735591933283834,0.17315135901364864,0.3323247833940819,0.2744912676661985,0.26100414643512954,0.22618738157168183,0.2947073387171215,0.2041878181989002,0.2513669556045012,0.28302216637995675,0.21448252686738253,0.23507308075203226,0.1293489334769983,0.23048265148215138,0.17459483588020736,0.3463391153722733,0.3407302415206577,0.13519908531535024,0.40663717054467763,0.340454435222285,0.25383837909966334,0.2261507697234829,0.38512896406726244,0.11411234935570871,0.09522260222381235,0.13779879018271857,0.15448751417288945
0.06683259668026692,0.06605465644875674,0.08972819425874806,0.08762656510597495,0.12474797127597144,0.08520778307297518,0.09687168287023806,0.10418405727632608,0.0857891403885438,0.09817192765267017,0.10246159714502832,0.07673178227227118,0.10951254564606137,0.12678910724542505,0.07103760389351879,0.09487625135853221,0.09738527902389083,0.1599039379942067,0.12265508914091487,0.0522521623915526,0.10080649886442243,0.07040829939717883,0.10289632642476945,0.09572971016774084,0.06636755734750421,0.0930309966557684,0.11127394438395197,0.10430272096279249,0.10758196989430124,0.09891126946147452,0.0,0.16136352472281232,0.06560652881985193,0.05958338446443893,0.06445028984337806,0.06459861744819148,0.10434153099325626,0.08034768398783457,0.12358550560293749,0.07502637747709277,0.09857083915930541,0.09521287194529152,0.07721555139894849,0.1030468627675016,0.09400157084054524,0.0852627019584314,0.10902181884281788,0.1208587384321912,0.07489810780857353,0.09205554528467867,0.10064257430822512,0.13492472083858045,0.12070813105452141,0.052247058743391056,0.10344445150891597,0.06744921222966072,0.1012391428507231,0.09648946150781086,0.05655909606661845,0.11045161528887065,0.11874601349079701,0.09752275476274733,0.11211020046240866,0.09762834172481152,0.1891421596052554,0.14594910913447914,0.06274249637125785,0.06070477459073219
0.07679854180405382,0.07661959916031756,0.08830586515386521,0.09095314311662818,0.138018446399554,0.10754348108864709,0.10811257751494438,0.1387618382606887,0.10341550857783283,0.10765391954597396,0.1183051733692589,0.08223655057151645,0.12359267289574619,0.1605844914135647,0.07573203104238674,0.0846104196385116,0.10422539492248577,0.16802133227279029,0.13349326085056076,0.05668645103256371,0.0985995686244632,0.07904657245644751,0.09683662948670585,0.09670466784531088,0.08179013093389263,0.10645037208772953,0.12574949909211378,0.09220512382694657,0.13425215170719526,0.11277826305983919,0.16136352472281232,0.0,0.06782028986165148,0.06767479852345872,0.0727840454207912,0.07522167456256094,0.10008645864592064,0.08179547632612039,0.13601088385131552,0.08647581320267543,0.11019712211092449,0.12052880818053564,0.08937478462277551,0.12211068131993451,0.10516416273495527,0.09007031576698236,0.13559194043118608,0.16434264597896714,0.084966842607886,0.08423895061590245,0.10713926123651414,0.1677550158281809,0.11677491314165529,0.0562778714649998,0.10166403066569119,0.07815806729456869,0.1080592716715416,0.09835931265894468,0.06801839419113564,0.121795926197491,0.13246019315794638,0.09108581805336984,0.13591798700965238,0.10908307936042311,0.12244541071507346,0.22614976765071446,0.06839001213343636,0.07126786413259442
0.15901671370735723,0.1339268928024206,0.16410054328315649,0.11961695629858267,0.08769733515814121,0.18782423182086505,0.18524213190595215,0.14939721725671729,0.12896813370095897,0.14062245673818324,0.15752212051868156,0.1560999761037602,0.13887124563658879,0.1275137442417071,0.14790362020383968,0.14538116330809803,0.15428467001084187,0.09195526760914167,0.12212325656335793,0.11266399917303707,0.1469038174488083,0.17036303694094398,0.15559178990075737,0.18357658467079102,0.12477894738982116,0.1752872746987702,0.16436326579172492,0.15603093135029103,0.157430165454509,0.1733752155747501,0.06560652881985193,0.06782028986165148,0.0,0.17220444302163335,0.1786593572915678,0.13330448745305531,0.15701638187535713,0.10705066626917625,0.08759975957471286,0.189247926624734,0.19032810366623656,0.14788923710206583,0.1276484812084181,0.1526869550391328,0.15292914145613623,0.16588767885668046,0.13680453532033016,0.1292177470165481,0.1656264840540514,0.14103783656360624,0.1500458535481063,0.09701166546866477,0.11755553103829051,0.11049440270403887,0.1386199320797857,0.16601066719168842,0.15883772779786665,0.1894846581743856,0.11850438796534256,0.17770107758035605,0.15663230956439192,0.13688676667188712,0.16036931221072773,0.18168620256104767,0.0696260600258674,0.063770325349983,0.20909540018854617,0.1710193390771624
0.12916478213317695,0.11956477975045647,0.1455331166287229,0.09946211072991107,0.08301496349390376,0.18350871239045136,0.13708207044428974,0.13754730191330924,0.11033062900701177,0.10479758570803346,0.16126811273926203,0.12875615703475207,0.11731342737960902,0.11791870163544496,0.12632014347646212,0.12471400769177936,0.15644431028828656,0.08562179553159167,0.11706791164966475,0.0930144507428703,0.11692733185478679,0.15696932195631827,0.13281870549927477,0.16463330964468292,0.1185687380874807,0.13221026606665143,0.12522557785205252,0.1271148668177488,0.16399029820684022,0.15117525351035643,0.05958338446443893,0.06767479852345872,0.17220444302163335,0.0,0.18333853121316018,0.12106202907631769,0.14644681794697237,0.08840916305343857,0.08539231225478923,0.17742620170767145,0.1446680643177137,0.13415133518200753,0.10729420540049187,0.11109020457387532,0.15488812099189567,0.11739739098288712,0.1198006130784869,0.13019377193739926,0.13203851694989,0.1145922622128622,0.14447703024304226,0.08495155468706785,0.1381912183264272,0.08893990810728931,0.11707711210510884,0.14029104339498857,0.12762151851812698,0.1683408475994655,0.11530080040537345,0.1507317989194169,0.13627741239740188,0.09866812740843833,0.1605424160033584,0.14778595995563498,0.06219938618691275,0.06536628462969923,0.16241069411265835,0.25161827733394315
0.19260766201469193,0.13286322389685026,0.20091299550062466,0.11077407341404152,0.0933104802647654,0.2557385375825423,0.22496787756360753,0.19770421747499065,0.12129302538151684,0.14222178009157194,0.20492587937759968,0.15038771153622119,0.14166941956865176,0.17439064538377352,0.1477356047262848,0.14847554837921184,0.2258461682274286,0.10718177111962926,0.15533472825775355,0.09443715604673737,0.13505830636996097,0.1462792227997,0.19249426754479715,0.2080022815507196,0.14119284567332938,0.20287434035341662,0.18781007227483182,0.15666019858264923,0.21676515619376477,0.2102720800509082,0.06445028984337806,0.0727840454207912,0.1786593572915678,0.18333853121316018,0.0,0.12627467145078589,0.21279500731561107,0.10119249492167308,0.09041384922062211,0.2225726982186453,0.23090088500499223,0.1840475189100564,0.11509054230053004,0.1519739398966984,0.19420332338906185,0.1446359642779776,0.15156802769313432,0.1928985186128066,0.16992700368416727,0.14908520950032694,0.20130474741904242,0.11441016592380704,0.16533515068185778,0.09043624747836208,0.12990499694999913,0.13853484864375776,0.19025598500585186,0.20895849541995742,0.14732983836983274,0.22697941828013982,0.1936279104659132,0.12433639254651138,0.1931883679248155,0.22715332275719785,0.0679939187392621,0.06852191286577762,0.1447961514953537,0.16565706214999368
0.13789473190696805,0.24104068617433375,0.12421430876111006,0.11792888531767183,0.08029973181342942,0.14892110614202056,0.13000964083753808,0.12855117725973506,0.17467794598624742,0.13839994946173662,0.16533310752474678,0.13976229764864584,0.13891278109731772,0.12043142696368786,0.0995749848436213,0.11110391211340645,0.13179138672244026,0.09744286916960884,0.10548448929055018,0.10755084102673351,0.12674450649741872,0.1593079036931343,0.12551643674441493,0.14226105170683356,0.1680344348891952,0.14888425117989026,0.15189367028810244,0.1177108200633252,0.12125996509042906,0.13933462960396092,0.06459861744819148,0.07522167456256094,0.13330448745305531,0.12106202907631769,0.12627467145078589,0.0,0.10744267515019526,0.1069015913379102,0.08490338829764338,0.1411290465878881,0.13671561454600364,0.14192835213857602,0.1741016953770408,0.1430298183720019,0.1491026230417668,0.13664470482551488,0.13969587398468192,0.12444050772085939,0.11434347397736139,0.118071716275556,0.11936327962914656,0.09938044637641649,0.10238725210117013,0.10949359638474543,0.12139898011136424,0.19291675862194793,0.12998776731100842,0.13083380592715482,0.12881437681852562,0.14772506180336445,0.15931700779997396,0.10830998447169803,0.12027335721312167,0.12804415479563325,0.06954812372455561,0.06752733483564788,0.11785778380165797,0.13016087822104433
0.16544477319776998,0.11874431300016566,0.2892543119209843,0.14995627425636815,0.11138177625245614,0.21845440434661106,0.28645095028036366,0.21553156680512964,0.12965055414502782,0.19019211371826103,0.21417939441521527,0.16163515522665337,0.16425843247714497,0.22097911844464815,0.1561976085142316,0.20438046624173553,0.27868741953580606,0.1550166219796285,0.24090742619076108,0.09568435032159853,0.1867249943462742,0.13021192763236222,0.2990968264570316,0.25237539044129087,0.12211101732705724,0.24469950140645788,0.23898531655907965,0.25574917290677623,0.2729149842554659,0.2748348830668401,0.10434153099325626,0.10008645864592064,0.15701638187535713,0.14644681794697237,0.21279500731561107,0.10744267515019526,0.0,0.13771156909290416,0.10757449907190836,0.18358840547577046,0.28518401794876375,0.19915979139620255,0.11563559099063384,0.1922309282870689,0.2088801000280413,0.17490299269109008,0.1764084415761227,0.24089094822407925,0.1751310491268084,0.19708250504650865,0.2469317352992924,0.1662806387331902,0.25493712437223326,0.08907583101010856,0.17707998271789174,0.11715426200720315,0.2819685919545795,0.2628812290442836,0.11862583101262295,0.2559477845379392,0.26446950891813253,0.18203034626376263,0.23396073649069798,0.2946081435583,0.11570055037050733,0.09085612421991865,0.13030300451331384,0.13794731698721602
0.10670664687345849,0.10998043217266151,0.15964379878075513,0.3149964933692477,0.08017407858007361,0.12280097304662362,0.16650459024791245,0.128360164579799,0.15262664858138292,0.2897845498351718,0.1260287197776651,0.2650474875102162,0.13931028037550308,0.11468348700709566,0.12719400950541798,0.1795063847111727,0.12058867924100805,0.09817480777864553,0.1275960426885107,0.1575893930777615,0.22680367455918887,0.11273526126120857,0.192866775729369,0.15738728936521568,0.11217197374714331,0.16756306092362416,0.1621144640802853,0.19610276219183434,0.1203999978212863,0.17405063519815125,0.08034768398783457,0.08179547632612039,0.10705066626917625,0.08840916305343857,0.10119249492167308,0.1069015913379102,0.13771156909290416,0.0,0.10327956088174181,0.12526444380917,0.16998585397092555,0.15738948234422198,0.1549334441612605,0.2541796965879744,0.14352545216609425,0.2828039932189381,0.13606879862156632,0.126635557095366,0.12934515544038547,0.17769186902615178,0.13158102463159588,0.10617485872117323,0.11455019827268265,0.17963703336145936,0.2123566317195502,0.11789832638951744,0.17286026155966291,0.17197560772406562,0.09292213842645596,0.15387773236979443,0.1507032385965278,0.21331070421989598,0.10936242609784563,0.14685089508371,0.12196626289062215,0.06589591821748725,0.09415751390688236,0.09758586389890822
0.10063591895912019,0.08618038357419334,0.10035341074785975,0.1156696249110707,0.1963395936250468,0.1229897286697752,0.12945303680197748,0.16316963485652394,0.11595404014505521,0.12917822754364047,0.13382004077270593,0.11589503117946733,0.15293848048771513,0.1466047630228517,0.11905499140141484,0.1140579737657449,0.12630980174668538,0.13342402476830076,0.12744210311932117,0.06785524108014616,0.11761282809639326,0.09342185281305791,0.11784050117613847,0.11058501531662351,0.09699065567870782,0.12669943085950422,0.1331969736167227,0.10403256107787236,0.13616932994083716,0.12982715857120397,0.12358550560293749,0.13601088385131552,0.08759975957471286,0.08539231225478923,0.09041384922062211,0.08490338829764338,0.10757449907190836,0.10327956088174181,0.0,0.1236079679758114,0.1259114877031996,0.16320543716786823,0.10752232897502957,0.13141639286071724,0.1388917945950284,0.11618082050705043,0.14446417510960147,0.17346072907742563,0.13101399276181924,0.10273608420590138,0.11420172364059158,0.13955948467373955,0.11741214717297764,0.06811980555438597,0.11015718382659882,0.08998973304935594,0.11544915763524688,0.12080595417057094,0.08809092418015275,0.13986965971846624,0.13523257409449072,0.10016743377552517,0.13466956899717245,0.12409157905517364,0.12506356956105277,0.13281313299378816,0.08907173039892204,0.08843472038061145
0.23968397714425765,0.14869875509801678,0.19946803294037876,0.13289868232198865,0.11987345461586389,0.32031195841363536,0.24251261483819125,0.2803696901537783,0.15305831837365436,0.18564648414923407,0.2526460964825847,0.2020240004834294,0.1849083231406452,0.19738112559933774,0.17517662922539454,0.15719084453250062,0.2025058641459907,0.11581786240087572,0.16540594885373494,0.10266582940214122,0.15576385011529276,0.1711768026767676,0.20284822141458717,0.24822900129998765,0.1656423940553907,0.2346876289349072,0.2189573525013958,0.16120316340787655,0.228951243893932,0.23354633092401272,0.07502637747709277,0.08647581320267543,0.189247926624734,0.17742620170767145,0.2225726982186453,0.1411290465878881,0.18358840547577046,0.12526444380917,0.1236079679758114,0.0,0.23947822307313887,0.25650076522553417,0.14377345651738818,0.20097644416871485,0.29288892053910537,0.19432039803249243,0.21371430974642366,0.2203775186274367,0.20504458454442054,0.167959596694272,0.2088785423457946,0.12970369100816032,0.1604965013840202,0.1016534742830647,0.15289299159665495,0.17137249923421485,0.20013826459366102,0.2310875634280892,0.16508772422831341,0.25965958803202455,0.20774945941230533,0.1397664908040185,0.22159784144412717,0.23277884708008525,0.07700360488891758,0.0805909034280277,0.17505722027424578,0.18449295195065307
0.2028420188554068,0.1525045734564958,0.3664375727102486,0.1779385287104411,0.12141423716494443,0.2986627265651522,0.44476915987238747,0.32059201972872975,0.18608368791500732,0.3075912761669327,0.26768991236392564,0.22648417081205788,0.23603187584727808,0.2840659192568894,0.1747790052521163,0.21729318618809224,0.2682747470582265,0.17471118758612023,0.2327427308439018,0.13580952816866265,0.2514276908415397,0.18254741467633764,0.3424422108513641,0.3411580530986361,0.15898423024050995,0.46127493853702084,0.3437046187008507,0.31193374780333866,0.27703193073170745,0.43126000150414145,0.09857083915930541,0.11019712211092449,0.19032810366623656,0.1446680643177137,0.23090088500499223,0.13671561454600364,0.28518401794876375,0.16998585397092555,0.1259114877031996,0.23947822307313887,0.0,0.30105494760651247,0.17051724088389908,0.3371658449781538,0.2657745060161591,0.2707389713249381,0.2427468008622505,0.2984303512019585,0.21002487045616297,0.25156780062654766,0.26783404599066246,0.21356305327263841,0.22056227929151562,0.1334904829659776,0.2331300131349663,0.1789998903986397,0.3523820606276295,0.35509458553827566,0.1341052954117542,0.4574589549442134,0.33391228063826894,0.27395871266037675,0.23815754651272739,0.42762233836668617,0.11599235061438519,0.09362962594407678,0.1422241803168533,0.1550100869876366
0.19323408979526466,0.14661309351680094,0.21475689245402427,0.17427783496050603,0.14276584239909967,0.2950018800181128,0.27157771281178544,0.35477489078707214,0.18911228268419827,0.2556320380151978,0.2821474748682965,0.20873019264374412,0.2397207690567026,0.2845513586270018,0.16844486405566722,0.17476542916259835,0.2427140385387697,0.1733661049929245,0.2048767355741722,0.10694843916029792,0.18188164767268647,0.1630192144881266,0.2423933271003749,0.23451983608785804,0.18220370965857996,0.3080263849835897,0.28802517270682765,0.18081316651901402,0.25834443560362513,0.29735591933283834,0.09521287194529152,0.12052880818053564,0.14788923710206583,0.13415133518200753,0.1840475189100564,0.14192835213857602,0.19915979139620255,0.15738948234422198,0.16320543716786823,0.25650076522553417,0.30105494760651247,0.0,0.17887580599531194,0.2884705733645877,0.2892744613141168,0.21709975137690937,0.268718140303574,0.32732551964591233,0.19596935978324512,0.1848125797349593,0.23986403455161998,0.2142814921256378,0.1949255569760396,0.11030433794272912,0.17568889853036534,0.16528980667864973,0.25187158638753515,0.2249851297011161,0.15165754733951817,0.3228990006557571,0.29436145392052504,0.16774386402311736,0.24153399649345123,0.27054661137263253,0.10584469620411963,0.10208623008501161,0.14568957227909174,0.14269164765055367
0.11756165011405612,0.17416751856258272,0.14034307891567227,0.16219320339451804,0.09641887942624917,0.1591722386671833,0.14708700731345656,0.15331605963265213,0.24682704705742625,0.2113090322915966,0.17538758334854346,0.1945705132289734,0.18362055770953917,0.14033734989663954,0.124669495285067,0.12718482506897025,0.13148778567190417,0.11534123124981634,0.12689181269696911,0.1401850727925214,0.17627005579532015,0.18885722747254916,0.14860985958154257,0.16407711088261234,0.16647396258015407,0.18198023504767138,0.18635379998155632,0.14155799119073084,0.1268151890240211,0.17315135901364864,0.07721555139894849,0.08937478462277551,0.1276484812084181,0.10729420540049187,0.11509054230053004,0.1741016953770408,0.11563559099063384,0.1549334441612605,0.10752232897502957,0.14377345651738818,0.17051724088389908,0.17887580599531194,0.0,0.2234084883491616,0.16992566263801323,0.20186479282153422,0.1704137837100705,0.14641542668529745,0.13926441866911543,0.14395114379561402,0.13385908798153562,0.12387232814448747,0.1143198482299855,0.14192592499900678,0.17563125580742836,0.20906151757255023,0.152630617543466,0.15241906417336254,0.10587465461752645,0.18124745960537092,0.1712991643541414,0.15193102539868494,0.12755390352869808,0.15218444361721548,0.0950330161347518,0.07533506338663405,0.11397831608270088,0.12457416953067099
0.18026769424466713,0.1516310394992663,0.2583708332520784,0.2723804609649645,0.11787588593069064,0.22690830760394753,0.2838301670453373,0.2604416618158433,0.22039652415328467,0.439275206901486,0.23217053034250562,0.29834688789630104,0.22724245308410507,0.24045639324853896,0.15518702219423255,0.2043700861153569,0.19842912455869102,0.16551774526664198,0.19441088096514134,0.15290930170927566,0.2780303811487615,0.17390567124717485,0.30514494902002637,0.26893579623428504,0.1564129635861758,0.34559676629485336,0.3166503032938804,0.2503264058048899,0.20924309220309206,0.3323247833940819,0.1030468627675016,0.12211068131993451,0.1526869550391328,0.11109020457387532,0.1519739398966984,0.1430298183720019,0.1922309282870689,0.2541796965879744,0.13141639286071724,0.20097644416871485,0.3371658449781538,0.2884705733645877,0.2234084883491616,0.0,0.2460860427714,0.3385071243434277,0.23139842980496833,0.2481753795698418,0.17805926475687092,0.2515812905338765,0.20735883215069822,0.19139432291366848,0.18170972988770295,0.1603501470433705,0.26279221759578364,0.1786591130542804,0.29201975317760376,0.2544631276953673,0.12907369219944945,0.32416955431907885,0.2853237373949441,0.2765289369828919,0.18227682317585975,0.2711357665418586,0.12891255826932016,0.09327099264102712,0.12154846116541564,0.12363536000638492
0.20923975776658593,0.15524918119563552,0.22243299714488618,0.14919915130726824,0.13796137126113747,0.30189707014567446,0.2517031866304524,0.3003186445621404,0.18212134032237617,0.22087612068401247,0.3202251885107204,0.19361665128389835,0.24885108235055525,0.24379579489698236,0.1556163842477009,0.17019895860314532,0.23721677968639882,0.16108989231617163,0.208417040400689,0.10093228608559694,0.17414460931130507,0.17207113692316994,0.22953188405177732,0.25719342961648733,0.17492669325064636,0.2766079367764285,0.26583226929008996,0.1735208712567452,0.25428596583346846,0.2744912676661985,0.09400157084054524,0.10516416273495527,0.15292914145613623,0.15488812099189567,0.19420332338906185,0.1491026230417668,0.2088801000280413,0.14352545216609425,0.1388917945950284,0.29288892053910537,0.2657745060161591,0.2892744613141168,0.16992566263801323,0.2460860427714,0.0,0.19976073782251766,0.288394624514571,0.278649468225531,0.18279810748239386,0.18514546913632676,0.24033720343200002,0.1766394408342723,0.20491488120661155,0.0997157425332791,0.17121480928668897,0.17806126287211324,0.2209544988668109,0.228513520285493,0.16600751431921804,0.300031335190084,0.2649696382327446,0.15723808789673416,0.24234221518799137,0.2436780811102865,0.10490832479296426,0.09450783476122844,0.15341916965457608,0.16695751829687872
0.15098722542921914,0.13806290877673097,0.22421437558033855,0.27284523364676116,0.09946302561556204,0.1869843510379022,0.24442843524413307,0.19481865078568678,0.18460889982150566,0.35407745484929126,0.17713169039306204,0.3158937428707045,0.18765306548980087,0.16259762698445202,0.17104255117935066,0.2200777867233491,0.15490626547862393,0.11741516598108277,0.1609571770847725,0.1934886652048862,0.2959648160181495,0.17282797594839536,0.2547917865659766,0.2414338346249159,0.13799445003773833,0.24819506200106456,0.2307791535152269,0.2624373025942509,0.16720590890969997,0.26100414643512954,0.0852627019584314,0.09007031576698236,0.16588767885668046,0.11739739098288712,0.1446359642779776,0.13664470482551488,0.17490299269109008,0.2828039932189381,0.11618082050705043,0.19432039803249243,0.2707389713249381,0.21709975137690937,0.20186479282153422,0.3385071243434277,0.19976073782251766,0.0,0.17488908414200297,0.17174349298113076,0.20110323160022836,0.2350475774340156,0.16144196837518207,0.13427443502222403,0.1429345567369701,0.2036028767482608,0.2845964091870082,0.1666728995980937,0.24139335270230733,0.26556973339813633,0.11146472137071091,0.23047035257742424,0.19993460985725908,0.3037756124961579,0.15043557161095178,0.23121090424349655,0.11207980020687525,0.07378098880357332,0.12823099960079895,0.1302902017016063
0.17141644251218,0.14788009367008023,0.166193046191983,0.14169536924917311,0.14344655549568705,0.25651833100715804,0.21483889774402137,0.288371611867432,0.18684191176237028,0.2020119949919469,0.27504277062162874,0.1553871112644972,0.2818107316671773,0.25830496108592943,0.1355455417467011,0.14948523393116056,0.1994145304769841,0.19867298708261777,0.19664304260921484,0.09176250789768763,0.16630121705309786,0.15440639514183804,0.19261178663835704,0.2036736782098556,0.17419587113715798,0.2434037793691822,0.24987511918526603,0.1529556669965617,0.2229279794749933,0.22618738157168183,0.10902181884281788,0.13559194043118608,0.13680453532033016,0.1198006130784869,0.15156802769313432,0.13969587398468192,0.1764084415761227,0.13606879862156632,0.14446417510960147,0.21371430974642366,0.2427468008622505,0.268718140303574,0.1704137837100705,0.23139842980496833,0.288394624514571,0.17488908414200297,0.0,0.26228075250753535,0.15514672848880523,0.15029515101555252,0.20753160681661784,0.21907316988351597,0.18312608937796554,0.09250871576868075,0.16179585957052237,0.16980135819631484,0.20040679092819333,0.18456433790238297,0.15390322984680121,0.27637849072379617,0.2522371208623244,0.14703428778842514,0.22508263833372083,0.21883242974851855,0.11752005743567992,0.12355980502655732,0.1293910084178538,0.13057712734565402
0.18605233928717044,0.13089369740812237,0.2232290784794812,0.1452271001595505,0.177337867809749,0.2693819382277874,0.2808913149967824,0.37442555133203187,0.16671856126766457,0.21816419948321383,0.28925147224046843,0.1544606660883513,0.25042197835778685,0.38062163491384104,0.15625651516779154,0.16381136895841225,0.27454059567065964,0.23028715482850629,0.2482150337667728,0.0866746187036446,0.17048941404078385,0.140001339796401,0.24489265648693492,0.2362388913901204,0.15049419821011906,0.2727792690562799,0.2799781771676353,0.18596390959190118,0.33714867725474035,0.2947073387171215,0.1208587384321912,0.16434264597896714,0.1292177470165481,0.13019377193739926,0.1928985186128066,0.12444050772085939,0.24089094822407925,0.126635557095366,0.17346072907742563,0.2203775186274367,0.2984303512019585,0.32732551964591233,0.14641542668529745,0.2481753795698418,0.278649468225531,0.17174349298113076,0.26228075250753535,0.0,0.19218317819960012,0.17481045110677226,0.2701179679423859,0.2556847847122245,0.25490473113164697,0.08399851871791189,0.16679194392992974,0.1357874286565856,0.26414583899109345,0.22659127531913448,0.13341372089663023,0.3323340181258988,0.3079060018163233,0.1587139342696978,0.3028754558752879,0.2906003876589983,0.12340363036391439,0.13638703791084872,0.12243647465881305,0.13419328869429195
0.16799288622438988,0.1257636018484536,0.17641361098978095,0.14866565996002107,0.12654272787434317,0.20257564965859168,0.22694979079442934,0.1969434694878339,0.1484355849472935,0.17968769385838557,0.16311609427944038,0.16496589395183098,0.16787500180027354,0.17379638036620285,0.2846222084567398,0.1674411972048362,0.18149640652466395,0.11563355975104687,0.15678498284000075,0.10964025814513068,0.1732589443586994,0.1609237356410888,0.19507710895347638,0.2032712070558177,0.1283277331590397,0.20407220403687318,0.18865383033586305,0.1857048597874454,0.19760426251788962,0.2041878181989002,0.07489810780857353,0.084966842607886,0.1656264840540514,0.13203851694989,0.16992700368416727,0.11434347397736139,0.1751310491268084,0.12934515544038547,0.13101399276181924,0.20504458454442054,0.21002487045616297,0.19596935978324512,0.13926441866911543,0.17805926475687092,0.18279810748239386,0.20110323160022836,0.15514672848880523,0.19218317819960012,0.0,0.1661931647715165,0.15593400665941415,0.13021479190563998,0.14206520520879098,0.10297012864539404,0.15889689385111605,0.13582055183619232,0.20127933173412382,0.21397086615324898,0.11082548500557672,0.20527318385976323,0.1774872291354765,0.16554266620813093,0.16798174134836688,0.20892787694653006,0.08029442773268729,0.07908046357119929,0.13287351184884535,0.13517956353255678
0.15892551240159875,0.13582573224079286,0.27246474747950106,0.1742856638475021,0.09573263088524823,0.18533687744109012,0.26122842795277307,0.1790273679501787,0.15417667985285852,0.24712941576298245,0.1735314198337525,0.21042851121109063,0.1629671331773514,0.1697928351818647,0.1394871787459785,0.2299010501450464,0.17579388557109749,0.12646057682178177,0.17421676251904228,0.13355558499502898,0.2587019798253373,0.14379615028449447,0.28017925912926217,0.2671607604721341,0.12935752504970374,0.24805733477337505,0.26266045825311213,0.28510288992735283,0.17999259401236983,0.2513669556045012,0.09205554528467867,0.08423895061590245,0.14103783656360624,0.1145922622128622,0.14908520950032694,0.118071716275556,0.19708250504650865,0.17769186902615178,0.10273608420590138,0.167959596694272,0.25156780062654766,0.1848125797349593,0.14395114379561402,0.2515812905338765,0.18514546913632676,0.2350475774340156,0.15029515101555252,0.17481045110677226,0.1661931647715165,0.0,0.18140891292316016,0.13810826094244347,0.17170489488414337,0.1267533692773944,0.22370150752264611,0.13806938394442822,0.2706629806926769,0.2662187538016554,0.10487993463581129,0.23517829045988395,0.23133868031634972,0.27258201762981044,0.1566475324256318,0.23059079469574048,0.11850491530807018,0.07528259907170612,0.10568370232257573,0.11298075412442034
0.1739900487965328,0.1253455407767471,0.2435690852212271,0.13470189869304772,0.12015099103517206,0.2650130129868005,0.2549775738785744,0.25524271772025503,0.1434493312037825,0.18353697355913803,0.2405998610385533,0.1617604239842028,0.1877852118365284,0.2577466539738895,0.13715551535050935,0.16880911495096326,0.2589916643213761,0.17992523219873213,0.21880196653631073,0.08615603595962308,0.16536503437585529,0.13781983876204645,0.24382471824254265,0.2358085610180153,0.1450281775775078,0.24991043563307644,0.2587197386877829,0.19351654412304697,0.26785147685074223,0.28302216637995675,0.10064257430822512,0.10713926123651414,0.1500458535481063,0.14447703024304226,0.20130474741904242,0.11936327962914656,0.2469317352992924,0.13158102463159588,0.11420172364059158,0.2088785423457946,0.26783404599066246,0.23986403455161998,0.13385908798153562,0.20735883215069822,0.24033720343200002,0.16144196837518207,0.20753160681661784,0.2701179679423859,0.15593400665941415,0.18140891292316016,0.0,0.1884184063842063,0.2434463982844599,0.08460349474023153,0.1608962934706638,0.13303434019807117,0.24481760299561592,0.21981577477464817,0.1344496952826759,0.27088469788175906,0.2631794861843164,0.15074183702894592,0.2650403718103484,0.25696179888889,0.10893569106651152,0.10285746261070741,0.14434231714122941,0.14521891903057188
0.12762815195722443,0.10971659052461408,0.15723363935125517,0.11504834425991618,0.14686959399187066,0.17091154655582474,0.1926096485620247,0.23864448277545167,0.12930220464507808,0.1625924337838162,0.1923557916847031,0.11085821958175644,0.20147362281810405,0.29670453607312125,0.10468064423504371,0.13407988218279895,0.1767117514842325,0.2568940176030522,0.2107097940090724,0.07419587238534765,0.14108951450743562,0.11200258903454295,0.175073653704325,0.1662921125353289,0.1269570486673099,0.2105840963073659,0.2366077040795004,0.15034513129519517,0.20775138999466233,0.21448252686738253,0.13492472083858045,0.1677550158281809,0.09701166546866477,0.08495155468706785,0.11441016592380704,0.09938044637641649,0.1662806387331902,0.10617485872117323,0.13955948467373955,0.12970369100816032,0.21356305327263841,0.2142814921256378,0.12387232814448747,0.19139432291366848,0.1766394408342723,0.13427443502222403,0.21907316988351597,0.2556847847122245,0.13021479190563998,0.13810826094244347,0.1884184063842063,0.0,0.1945922906487155,0.07197406127091359,0.13927459422574118,0.11135654391659221,0.1943828029364949,0.15879530420339347,0.10071831292783737,0.24253231304802267,0.2444254666023281,0.1366023366624457,0.19672794494061757,0.2033197846843965,0.1297957302933517,0.14549044553361146,0.08907539516226898,0.08942150980173753
0.15416643018251097,0.11046283309101745,0.21002155153028215,0.12930954523211424,0.1263286451947056,0.19261682933390292,0.20556779531912928,0.21780587267992368,0.12679440035478315,0.15786496210625764,0.22648212882479923,0.1292242296927627,0.19218272088755273,0.25524910207497026,0.12356326127340692,0.1658615988520332,0.24144746803425554,0.18761049427503215,0.21891781290265852,0.0851446292953816,0.15556556285859488,0.127973414164588,0.21978824766219007,0.2146983156529851,0.12039378327191383,0.20264821665471094,0.2149351131438243,0.1814030752546444,0.25641873011099564,0.23507308075203226,0.12070813105452141,0.11677491314165529,0.11755553103829051,0.1381912183264272,0.16533515068185778,0.10238725210117013,0.25493712437223326,0.11455019827268265,0.11741214717297764,0.1604965013840202,0.22056227929151562,0.1949255569760396,0.1143198482299855,0.18170972988770295,0.20491488120661155,0.1429345567369701,0.18312608937796554,0.25490473113164697,0.14206520520879098,0.17170489488414337,0.2434463982844599,0.1945922906487155,0.0,0.08069954439751781,0.15111724049250955,0.11846506270145511,0.2225814052647198,0.20145022305294483,0.11094219343630264,0.2371456940048818,0.23878376894148204,0.1444724882582324,0.22537631264583907,0.2192388110784435,0.1202669895754572,0.10545065659458329,0.11050898325450466,0.1311143841992971
0.10159035038866404,0.11265242925910542,0.12657537820041054,0.15898100033282261,0.05693374720326646,0.09549234723062446,0.1168783106181863,0.09303691801401204,0.1356558126335664,0.1725667426214244,0.0972321864216265,0.17952073614284145,0.10503651239740447,0.08252986806172843,0.09880110011418392,0.12181866941172645,0.08583917522861687,0.06572463213440809,0.0812876301262377,0.34429753847031214,0.17776292753511463,0.1315995141542202,0.12877233753450457,0.1337535428284001,0.10171856461802091,0.12935732367264519,0.1212777830029907,0.14443223292204868,0.0866811285160837,0.1293489334769983,0.052247058743391056,0.0562778714649998,0.11049440270403887,0.08893990810728931,0.09043624747836208,0.10949359638474543,0.08907583101010856,0.17963703336145936,0.06811980555438597,0.1016534742830647,0.1334904829659776,0.11030433794272912,0.14192592499900678,0.1603501470433705,0.0997157425332791,0.2036028767482608,0.09250871576868075,0.08399851871791189,0.10297012864539404,0.1267533692773944,0.08460349474023153,0.07197406127091359,0.08069954439751781,0.0,0.17684938558958857,0.1337572388756296,0.12148604097047509,0.13876533084791515,0.08591635963665968,0.11320304178370477,0.10876258092949628,0.17199754462466252,0.0792896216875005,0.11467519086037313,0.0666454880625728,0.04740082387594806,0.08367168860382408,0.09924639360746615
0.12936610341067623,0.13228428904772993,0.23042844500564214,0.22137997618304198,0.1058165533780288,0.16057328503438853,0.21489682021130704,0.17713619502126932,0.17958431409444214,0.2760598548789456,0.16311922058854647,0.22094549967179555,0.17432502286563326,0.16651129489287242,0.14951016045845691,0.229182734143027,0.15254696317203603,0.1281739180425878,0.15911132302294112,0.18415184586874334,0.36420154686053097,0.16689866729875227,0.24051244743436903,0.22143011323278033,0.12295069635421414,0.21584813329403826,0.23144941272548994,0.2840234245508503,0.16290909505778617,0.23048265148215138,0.10344445150891597,0.10166403066569119,0.1386199320797857,0.11707711210510884,0.12990499694999913,0.12139898011136424,0.17707998271789174,0.2123566317195502,0.11015718382659882,0.15289299159665495,0.2331300131349663,0.17568889853036534,0.17563125580742836,0.26279221759578364,0.17121480928668897,0.2845964091870082,0.16179585957052237,0.16679194392992974,0.15889689385111605,0.22370150752264611,0.1608962934706638,0.13927459422574118,0.15111724049250955,0.17684938558958857,0.0,0.15303683246088678,0.2388090146097661,0.2495946330322482,0.09930850848645933,0.2068086135785202,0.2006053545568593,0.31740436627206947,0.1522318038633524,0.21088120093916987,0.1257019174834882,0.08454533720471503,0.11005894759463053,0.1273479060895778
0.1470887973346139,0.20552165329463346,0.15119290659502838,0.11651781622084346,0.08469687588685507,0.1831553947357538,0.15978003611183267,0.15732167572271388,0.19316363276263013,0.15871212862909048,0.185994385213891,0.15555764125670413,0.17447369923220485,0.13670914812202586,0.11536976400454961,0.1287043537688996,0.14215087478156735,0.1038934714183097,0.11156421236336031,0.14078832637196484,0.15802230216526877,0.24182088484015019,0.1480997406408109,0.1804925556789235,0.1632148891944338,0.1867520382114998,0.18790906362321763,0.13752680288981958,0.14352002990759846,0.17459483588020736,0.06744921222966072,0.07815806729456869,0.16601066719168842,0.14029104339498857,0.13853484864375776,0.19291675862194793,0.11715426200720315,0.11789832638951744,0.08998973304935594,0.17137249923421485,0.1789998903986397,0.16528980667864973,0.20906151757255023,0.1786591130542804,0.17806126287211324,0.1666728995980937,0.16980135819631484,0.1357874286565856,0.13582055183619232,0.13806938394442822,0.13303434019807117,0.11135654391659221,0.11846506270145511,0.1337572388756296,0.15303683246088678,0.0,0.1521232006803832,0.16130860654592613,0.1344604596348049,0.18991768689816302,0.17904921706161148,0.14254708457033063,0.13277994580242358,0.15994217500557795,0.07221794450727437,0.0698771093977521,0.129801208418044,0.1492261975139031
0.19601930138805237,0.13972604155778293,0.30332698044283307,0.17696440111834538,0.11555247934509832,0.2337491803362852,0.33397430610213774,0.2516541204082919,0.17106269182171063,0.26918642970043183,0.2202845073877075,0.19700792389779376,0.2028435834553415,0.26452857114236517,0.17213927662947295,0.2348620653108606,0.2380436406433778,0.16379158572312064,0.23031060597978975,0.1313712790722921,0.2565832595833463,0.16245066685648618,0.3971738283527882,0.29811619321246097,0.13999250844858252,0.30103409669513037,0.3180364887327845,0.33153153217913883,0.2743344511258686,0.3463391153722733,0.1012391428507231,0.1080592716715416,0.15883772779786665,0.12762151851812698,0.19025598500585186,0.12998776731100842,0.2819685919545795,0.17286026155966291,0.11544915763524688,0.20013826459366102,0.3523820606276295,0.25187158638753515,0.152630617543466,0.29201975317760376,0.2209544988668109,0.24139335270230733,0.20040679092819333,0.26414583899109345,0.20127933173412382,0.2706629806926769,0.24481760299561592,0.1943828029364949,0.2225814052647198,0.12148604097047509,0.2388090146097661,0.1521232006803832,0.0,0.30245206163128185,0.13037563019312765,0.3107839164288979,0.31905619875087626,0.2687836475189392,0.22205927274824236,0.3333477866673371,0.11545093823353172,0.09458318651839784,0.12305808449848303,0.1280950384527544
0.1963851138768126,0.14161894678296386,0.33685639901273884,0.17362239932172863,0.11348754076417814,0.2524547796351628,0.34319025468570885,0.2444447593648396,0.16546810179295243,0.2507581553886254,0.21141069528207296,0.22693410113059798,0.19589566738036004,0.21533325601247574,0.17729285830249464,0.25576178654938,0.22998912645829045,0.13741201844598774,0.2099941305902377,0.15119864295769073,0.2770195281110061,0.19239671660799024,0.33319810280289924,0.34645105086697847,0.14667199163991287,0.29649333802956906,0.27988435643680526,0.3301784284854222,0.25166605678833576,0.3407302415206577,0.09648946150781086,0.09835931265894468,0.1894846581743856,0.1683408475994655,0.20895849541995742,0.13083380592715482,0.2628812290442836,0.17197560772406562,0.12080595417057094,0.2310875634280892,0.35509458553827566,0.2249851297011161,0.15241906417336254,0.2544631276953673,0.228513520285493,0.26556973339813633,0.18456433790238297,0.22659127531913448,0.21397086615324898,0.2662187538016554,0.21981577477464817,0.15879530420339347,0.20145022305294483,0.13876533084791515,0.2495946330322482,0.16130860654592613,0.30245206163128185,0.0,0.12783741446732036,0.31424613534310825,0.2653154311592443,0.2819922410417415,0.211705209314584,0.320066054636599,0.10899789422702244,0.08526700881735169,0.14874416196502366,0.16438476156457835
0.16478445766005823,0.11384731854569284,0.11803043947758914,0.09275391439014015,0.0817026370609873,0.16417281156695945,0.14116039803420172,0.1448306813210462,0.11935951666238742,0.11717311786202102,0.1524286048605763,0.11741445069124963,0.13431899317598883,0.1262717073029034,0.09972009630638003,0.10729603617657883,0.14080166375969955,0.0890580382260125,0.11141421076991796,0.08614500119275965,0.1005510720125958,0.11277314689864369,0.13172755585990695,0.13939451574706963,0.14347055263871142,0.13794895722512224,0.13678244793592795,0.10336736237299687,0.13504960735224075,0.13519908531535024,0.05655909606661845,0.06801839419113564,0.11850438796534256,0.11530080040537345,0.14732983836983274,0.12881437681852562,0.11862583101262295,0.09292213842645596,0.08809092418015275,0.16508772422831341,0.1341052954117542,0.15165754733951817,0.10587465461752645,0.12907369219944945,0.16600751431921804,0.11146472137071091,0.15390322984680121,0.13341372089663023,0.11082548500557672,0.10487993463581129,0.1344496952826759,0.10071831292783737,0.11094219343630264,0.08591635963665968,0.09930850848645933,0.1344604596348049,0.13037563019312765,0.12783741446732036,0.0,0.14202730390002272,0.14461386320844238,0.0933549287760775,0.13067787567808933,0.1359197279662853,0.05834536715031077,0.06359103345273179,0.12096339968996521,0.11784001514124222
0.20410679946964255,0.1708203097329294,0.31192165895123686,0.16183493071274316,0.13734941280908755,0.32437102253430106,0.38935003766421006,0.35555407018647484,0.1877793836209079,0.2672533135240703,0.3053509993766376,0.21010109220150922,0.2651632405021593,0.3124611309981997,0.16711823828269182,0.2010587911422886,0.28497272918774064,0.20075951331936726,0.2444394674894605,0.11711735758748189,0.21619542043791817,0.1853594156931321,0.2958488707679339,0.3138861095002517,0.18118550898737276,0.4588996737437982,0.36507964117117275,0.25566745600140695,0.3002189372736154,0.40663717054467763,0.11045161528887065,0.121795926197491,0.17770107758035605,0.1507317989194169,0.22697941828013982,0.14772506180336445,0.2559477845379392,0.15387773236979443,0.13986965971846624,0.25965958803202455,0.4574589549442134,0.3228990006557571,0.18124745960537092,0.32416955431907885,0.300031335190084,0.23047035257742424,0.27637849072379617,0.3323340181258988,0.20527318385976323,0.23517829045988395,0.27088469788175906,0.24253231304802267,0.2371456940048818,0.11320304178370477,0.2068086135785202,0.18991768689816302,0.3107839164288979,0.31424613534310825,0.14202730390002272,0.0,0.37556862356081877,0.22562290816568542,0.25242684140231414,0.3652556245372089,0.11967598949209528,0.10345298120537201,0.14187458670754874,0.15484646743995809
0.20689928531911841,0.18201421587119818,0.27232064304557513,0.16174413198280393,0.14038919832920244,0.26443807811559256,0.323264104116782,0.28226828541898974,0.1907443973214192,0.23953097123378309,0.2997702478387444,0.18256524106771013,0.23855883625318308,0.3153502225518751,0.14369897393514958,0.19867633007596952,0.2814228026290965,0.22459702475272583,0.2516651709983707,0.11456258523482092,0.21350658347328527,0.17091303362781343,0.2959656705244238,0.28948566109930496,0.17952485637871887,0.3363118534564981,0.43127732455102613,0.24454489732208806,0.2745246928325752,0.340454435222285,0.11874601349079701,0.13246019315794638,0.15663230956439192,0.13627741239740188,0.1936279104659132,0.15931700779997396,0.26446950891813253,0.1507032385965278,0.13523257409449072,0.20774945941230533,0.33391228063826894,0.29436145392052504,0.1712991643541414,0.2853237373949441,0.2649696382327446,0.19993460985725908,0.2522371208623244,0.3079060018163233,0.1774872291354765,0.23133868031634972,0.2631794861843164,0.2444254666023281,0.23878376894148204,0.10876258092949628,0.2006053545568593,0.17904921706161148,0.31905619875087626,0.2653154311592443,0.14461386320844238,0.37556862356081877,0.0,0.20602560216193033,0.2551133155102034,0.31919037873469097,0.12464999867585058,0.11686212789861135,0.13145440605885883,0.13860424446774358
0.13029644172641797,0.12120814081917075,0.28599485271329184,0.199245051250879,0.09168304292594906,0.1550175733883601,0.2698548797777601,0.16188571045786124,0.1626300281749599,0.2888368540601593,0.1449615447018019,0.21355078605376074,0.16108197030149501,0.15742406617424465,0.1482203471133027,0.24251757058336407,0.1435949750460844,0.12608984418008798,0.16281684576698993,0.18684514646585362,0.35478402005881504,0.15963776553342152,0.2879025464152985,0.23620004690948515,0.11220889525420019,0.25860807827101107,0.24241733548923883,0.39850078898571795,0.1569928690560058,0.25383837909966334,0.09752275476274733,0.09108581805336984,0.13688676667188712,0.09866812740843833,0.12433639254651138,0.10830998447169803,0.18203034626376263,0.21331070421989598,0.10016743377552517,0.1397664908040185,0.27395871266037675,0.16774386402311736,0.15193102539868494,0.2765289369828919,0.15723808789673416,0.3037756124961579,0.14703428778842514,0.1587139342696978,0.16554266620813093,0.27258201762981044,0.15074183702894592,0.1366023366624457,0.1444724882582324,0.17199754462466252,0.31740436627206947,0.14254708457033063,0.2687836475189392,0.2819922410417415,0.0933549287760775,0.22562290816568542,0.20602560216193033,0.0,0.12784106576407517,0.23237717700200142,0.13015098219778767,0.07460774577535036,0.09677081968442032,0.10463701780256944
0.18772384094247632,0.12184540321138838,0.1995337329850445,0.12189661146110209,0.1494083880292397,0.2640201543420986,0.22375540448451253,0.2805296719176976,0.14424183290584422,0.16361668695096793,0.26232632384889853,0.13699117010137155,0.20464635366070755,0.29167572574412004,0.1503725142830011,0.1530623079831319,0.25540741201006956,0.1932060164214148,0.21248460899342242,0.08170239367098717,0.15093219338508262,0.1405524438729804,0.20214070986978416,0.22901524991750077,0.13710447021566868,0.20572679479991932,0.2370777842378348,0.16093704808524564,0.33572774826091367,0.2261507697234829,0.11211020046240866,0.13591798700965238,0.16036931221072773,0.1605424160033584,0.1931883679248155,0.12027335721312167,0.23396073649069798,0.10936242609784563,0.13466956899717245,0.22159784144412717,0.23815754651272739,0.24153399649345123,0.12755390352869808,0.18227682317585975,0.24234221518799137,0.15043557161095178,0.22508263833372083,0.3028754558752879,0.16798174134836688,0.1566475324256318,0.2650403718103484,0.19672794494061757,0.22537631264583907,0.0792896216875005,0.1522318038633524,0.13277994580242358,0.22205927274824236,0.211705209314584,0.13067787567808933,0.25242684140231414,0.2551133155102034,0.12784106576407517,0.0,0.23442052534463725,0.10641549300324896,0.13679264825650364,0.16497824821653578,0.1631973166383552
0.20212075046716022,0.14670604840426302,0.3133689641575321,0.15383182965324518,0.12643347656093454,0.27982699820251444,0.37762933126746195,0.3056350460792611,0.1623063992328767,0.24906363683890695,0.26521843676446777,0.1931144463976867,0.21005873471537934,0.2844546876619509,0.16701443086445936,0.20664565728238163,0.2743188688910676,0.16648696886035078,0.2521960410293646,0.1216122811110277,0.2216975763396918,0.1713879137542419,0.31954418826427156,0.30967873188267236,0.14997533125713344,0.3397059555179524,0.32334318110682675,0.28403705285600206,0.2947865894622627,0.38512896406726244,0.09762834172481152,0.10908307936042311,0.18168620256104767,0.14778595995563498,0.22715332275719785,0.12804415479563325,0.2946081435583,0.14685089508371,0.12409157905517364,0.23277884708008525,0.42762233836668617,0.27054661137263253,0.15218444361721548,0.2711357665418586,0.2436780811102865,0.23121090424349655,0.21883242974851855,0.2906003876589983,0.20892787694653006,0.23059079469574048,0.25696179888889,0.2033197846843965,0.2192388110784435,0.11467519086037313,0.21088120093916987,0.15994217500557795,0.3333477866673371,0.320066054636599,0.1359197279662853,0.3652556245372089,0.31919037873469097,0.23237717700200142,0.23442052534463725,0.0,0.11103023822477733,0.09723632830529742,0.13844973802215482,0.1501220165371494
0.07009894609255274,0.07413738792957554,0.10950036707723322,0.12395264535255789,0.10610407755527416,0.08814635817763744,0.11235761039875398,0.10999257597899709,0.09777619294421798,0.13564122712809804,0.10970118214278683,0.0984218190020534,0.12109097836454219,0.12064687527821676,0.07766902853721082,0.11638017455922584,0.10259262337501683,0.16086557992943903,0.14149229678538497,0.06573897630772894,0.12781633755619062,0.07478173845159845,0.12163906559638249,0.10938872485437579,0.07432336755775465,0.11180245189038435,0.12702829494384302,0.13101191143940957,0.10987873855640472,0.11411234935570871,0.1891421596052554,0.12244541071507346,0.0696260600258674,0.06219938618691275,0.0679939187392621,0.06954812372455561,0.11570055037050733,0.12196626289062215,0.12506356956105277,0.07700360488891758,0.11599235061438519,0.10584469620411963,0.0950330161347518,0.12891255826932016,0.10490832479296426,0.11207980020687525,0.11752005743567992,0.12340363036391439,0.08029442773268729,0.11850491530807018,0.10893569106651152,0.1297957302933517,0.1202669895754572,0.0666454880625728,0.1257019174834882,0.07221794450727437,0.11545093823353172,0.10899789422702244,0.05834536715031077,0.11967598949209528,0.12464999867585058,0.13015098219778767,0.10641549300324896,0.11103023822477733,0.0,0.10554276191066375,0.06400710740832588,0.06377947360714657
0.07116219522425116,0.06874769094899841,0.07683751442604334,0.07104705940698616,0.14567177496425496,0.09828099563704647,0.09359536745467961,0.1191073023748954,0.08816740513169051,0.08304935775170674,0.10793729966468195,0.06711442755610701,0.11137261695490978,0.1435406274985094,0.07167160980292593,0.07445321966357697,0.09631676481863512,0.15443684820271414,0.11243162299974029,0.04856011667452507,0.08079764646221246,0.07274073871846527,0.08362661121689068,0.08738844552270737,0.07221383533882773,0.0909696251730549,0.11271164648804959,0.07941692555788751,0.11871992224072367,0.09522260222381235,0.14594910913447914,0.22614976765071446,0.063770325349983,0.06536628462969923,0.06852191286577762,0.06752733483564788,0.09085612421991865,0.06589591821748725,0.13281313299378816,0.0805909034280277,0.09362962594407678,0.10208623008501161,0.07533506338663405,0.09327099264102712,0.09450783476122844,0.07378098880357332,0.12355980502655732,0.13638703791084872,0.07908046357119929,0.07528259907170612,0.10285746261070741,0.14549044553361146,0.10545065659458329,0.04740082387594806,0.08454533720471503,0.0698771093977521,0.09458318651839784,0.08526700881735169,0.06359103345273179,0.10345298120537201,0.11686212789861135,0.07460774577535036,0.13679264825650364,0.09723632830529742,0.10554276191066375,0.0,0.06386517021751223,0.06751564111716568
0.13691023890364382,0.10362617023656596,0.12716621163853697,0.09952160864287173,0.08713823670346516,0.1737963821525692,0.1397866113762352,0.14140623668499752,0.11061056651690551,0.11014992140613529,0.1567940896206417,0.1258931304106615,0.12508252737221037,0.11696277337997876,0.12424829185806624,0.11751715280136917,0.13815046142147486,0.08614453244480907,0.11204479812749414,0.08278303874442154,0.10981544134581346,0.12912180978389665,0.12590039755962143,0.14890525247223657,0.11878222503299646,0.1324042736539562,0.1289565208645642,0.11101249693355753,0.1391470712906323,0.13779879018271857,0.06274249637125785,0.06839001213343636,0.20909540018854617,0.16241069411265835,0.1447961514953537,0.11785778380165797,0.13030300451331384,0.09415751390688236,0.08907173039892204,0.17505722027424578,0.1422241803168533,0.14568957227909174,0.11397831608270088,0.12154846116541564,0.15341916965457608,0.12823099960079895,0.1293910084178538,0.12243647465881305,0.13287351184884535,0.10568370232257573,0.14434231714122941,0.08907539516226898,0.11050898325450466,0.08367168860382408,0.11005894759463053,0.129801208418044,0.12305808449848303,0.14874416196502366,0.12096339968996521,0.14187458670754874,0.13145440605885883,0.09677081968442032,0.16497824821653578,0.13844973802215482,0.06400710740832588,0.06386517021751223,0.0,0.17069183229706386
0.13324851696596748,0.12943617493117515,0.14513208160041852,0.10549896030366203,0.084784256074569,0.1825005877771498,0.13822610485153206,0.1450666031202115,0.12662874633711335,0.11941868947895212,0.16948162234168418,0.13995675440115213,0.13056546308464984,0.12121000671711019,0.1272848042245626,0.12006793455207011,0.15165543368548354,0.0877980002609173,0.11824810531470327,0.10726236480207321,0.12454502823767327,0.1604249529387826,0.13346539142865688,0.16598955084434489,0.12753183456640566,0.1434616522243198,0.13352455273981595,0.12354564423261612,0.15393702318381666,0.15448751417288945,0.06070477459073219,0.07126786413259442,0.1710193390771624,0.25161827733394315,0.16565706214999368,0.13016087822104433,0.13794731698721602,0.09758586389890822,0.08843472038061145,0.18449295195065307,0.1550100869876366,0.14269164765055367,0.12457416953067099,0.12363536000638492,0.16695751829687872,0.1302902017016063,0.13057712734565402,0.13419328869429195,0.13517956353255678,0.11298075412442034,0.14521891903057188,0.08942150980173753,0.1311143841992971,0.09924639360746615,0.1273479060895778,0.1492261975139031,0.1280950384527544,0.16438476156457835,0.11784001514124222,0.15484646743995809,0.13860424446774358,0.10463701780256944,0.1631973166383552,0.1501220165371494,0.06377947360714657,0.06751564111716568,0.17069183229706386,0.0
